{"cameraMode":{"drawMode":0,"name":"Shaded","section":"Shading Mode"},"sceneLighting":true,"audioPlay":false,"sceneViewState":{"m_AlwaysRefresh":false,"showFog":true,"showSkybox":true,"showFlares":true,"showImageEffects":true,"showParticleSystems":true,"showVisualEffectGraphs":true,"m_FxEnabled":true},"in2DMode":false,"pivot":{"x":-3.267662763595581,"y":0.42817389965057375,"z":0.9777899980545044},"rotation":{"x":-0.0011289042886346579,"y":0.7818312644958496,"z":-0.0014144117012619973,"w":-0.6234908103942871},"size":3.9073946475982668,"orthographic":false}