{"cameraMode":{"drawMode":0,"name":"Shaded","section":"Shading Mode"},"sceneLighting":true,"audioPlay":false,"sceneViewState":{"m_AlwaysRefresh":false,"showFog":true,"showSkybox":true,"showFlares":true,"showImageEffects":true,"showParticleSystems":true,"showVisualEffectGraphs":true,"m_FxEnabled":true},"in2DMode":false,"pivot":{"x":6.194843769073486,"y":1.635465145111084,"z":6.039244651794434},"rotation":{"x":0.005139003973454237,"y":-0.9737529158592224,"z":0.022229710593819619,"w":0.22777920961380006},"size":0.2660253643989563,"orthographic":false}