{"cameraMode":{"drawMode":0,"name":"Shaded","section":"Shading Mode"},"sceneLighting":true,"audioPlay":false,"sceneViewState":{"m_AlwaysRefresh":false,"showFog":true,"showSkybox":true,"showFlares":true,"showImageEffects":true,"showParticleSystems":true,"showVisualEffectGraphs":true,"m_FxEnabled":true},"in2DMode":false,"pivot":{"x":0.26262545585632326,"y":4.78538179397583,"z":14.688480377197266},"rotation":{"x":-0.008687421679496766,"y":-0.7575940489768982,"z":-0.009928788989782334,"w":0.6528601050376892},"size":1.7660253047943116,"orthographic":false}