{"cameraMode":{"drawMode":0,"name":"Shaded","section":"Shading Mode"},"sceneLighting":true,"audioPlay":false,"sceneViewState":{"m_AlwaysRefresh":false,"showFog":true,"showSkybox":true,"showFlares":true,"showImageEffects":true,"showParticleSystems":true,"showVisualEffectGraphs":true,"m_FxEnabled":true},"in2DMode":false,"pivot":{"x":2.1617016792297365,"y":-0.11193106323480606,"z":17.864120483398439},"rotation":{"x":0.08251746743917465,"y":0.8894993662834168,"z":-0.17734235525131226,"w":0.4136613607406616},"size":1.7660253047943116,"orthographic":false}