{"cameraMode":{"drawMode":0,"name":"Shaded","section":"Shading Mode"},"sceneLighting":false,"audioPlay":false,"sceneViewState":{"m_AlwaysRefresh":false,"showFog":true,"showSkybox":false,"showFlares":true,"showImageEffects":true,"showParticleSystems":true,"showVisualEffectGraphs":true,"m_FxEnabled":true},"in2DMode":false,"pivot":{"x":0.04973147064447403,"y":0.36337411403656008,"z":2.2379283905029299},"rotation":{"x":0.06713872402906418,"y":-0.011371785774827004,"z":-0.0007966986740939319,"w":-0.9977361559867859},"size":0.654656171798706,"orthographic":false}