{"cameraMode":{"drawMode":0,"name":"Shaded","section":"Shading Mode"},"sceneLighting":false,"audioPlay":false,"sceneViewState":{"m_AlwaysRefresh":false,"showFog":true,"showSkybox":false,"showFlares":true,"showImageEffects":true,"showParticleSystems":true,"showVisualEffectGraphs":true,"m_FxEnabled":true},"in2DMode":false,"pivot":{"x":-0.14898781478405,"y":0.36126819252967837,"z":3.0398671627044679},"rotation":{"x":-0.030924567952752115,"y":0.23380549252033235,"z":-0.007435035426169634,"w":-0.971808671951294},"size":0.654656171798706,"orthographic":false}