{"cameraMode":{"drawMode":0,"name":"Shaded","section":"Shading Mode"},"sceneLighting":false,"audioPlay":false,"sceneViewState":{"m_AlwaysRefresh":false,"showFog":true,"showSkybox":false,"showFlares":true,"showImageEffects":true,"showParticleSystems":true,"showVisualEffectGraphs":true,"m_FxEnabled":true},"in2DMode":false,"pivot":{"x":-0.12007641792297363,"y":0.5074077248573303,"z":2.234814167022705},"rotation":{"x":0.0567903108894825,"y":0.4640120565891266,"z":0.029827116057276727,"w":-0.8835117220878601},"size":0.654656171798706,"orthographic":false}