{"cameraMode":{"drawMode":0,"name":"Shaded","section":"Shading Mode"},"sceneLighting":false,"audioPlay":false,"sceneViewState":{"m_AlwaysRefresh":false,"showFog":true,"showSkybox":false,"showFlares":true,"showImageEffects":true,"showParticleSystems":true,"showVisualEffectGraphs":true,"m_FxEnabled":true},"in2DMode":false,"pivot":{"x":0.14962027966976167,"y":0.29423788189888,"z":2.6498005390167238},"rotation":{"x":-0.017971554771065713,"y":0.4205150902271271,"z":-0.008331329561769963,"w":-0.9070844650268555},"size":0.654656171798706,"orthographic":false}