{"cameraMode":{"drawMode":0,"name":"Shaded","section":"Shading Mode"},"sceneLighting":false,"audioPlay":false,"sceneViewState":{"m_AlwaysRefresh":false,"showFog":true,"showSkybox":false,"showFlares":true,"showImageEffects":true,"showParticleSystems":true,"showVisualEffectGraphs":true,"m_FxEnabled":true},"in2DMode":false,"pivot":{"x":-0.004213586449623108,"y":0.3512836992740631,"z":2.432802200317383},"rotation":{"x":-0.0011289042886346579,"y":0.7818312644958496,"z":-0.0014144117012619973,"w":-0.6234908103942871},"size":0.654656171798706,"orthographic":false}