{"cameraMode":{"drawMode":0,"name":"Shaded","section":"Shading Mode"},"sceneLighting":false,"audioPlay":false,"sceneViewState":{"m_AlwaysRefresh":false,"showFog":true,"showSkybox":false,"showFlares":true,"showImageEffects":true,"showParticleSystems":true,"showVisualEffectGraphs":true,"m_FxEnabled":true},"in2DMode":false,"pivot":{"x":0.20703324675559998,"y":0.2920123338699341,"z":1.820403814315796},"rotation":{"x":0.028160061687231065,"y":-0.04587361589074135,"z":-0.0012620046036317945,"w":-0.9986104965209961},"size":0.4916924238204956,"orthographic":false}