{"cameraMode":{"drawMode":0,"name":"Shaded","section":"Shading Mode"},"sceneLighting":false,"audioPlay":false,"sceneViewState":{"m_AlwaysRefresh":false,"showFog":true,"showSkybox":false,"showFlares":true,"showImageEffects":true,"showParticleSystems":true,"showVisualEffectGraphs":true,"m_FxEnabled":true},"in2DMode":false,"pivot":{"x":-0.06107422709465027,"y":0.5630013942718506,"z":1.5989876985549927},"rotation":{"x":-0.17931485176086427,"y":0.016821783035993577,"z":-0.003050124039873481,"w":-0.9836798310279846},"size":0.4916924238204956,"orthographic":false}