{"cameraMode":{"drawMode":0,"name":"Shaded","section":"Shading Mode"},"sceneLighting":false,"audioPlay":false,"sceneViewState":{"m_AlwaysRefresh":false,"showFog":true,"showSkybox":false,"showFlares":true,"showImageEffects":true,"showParticleSystems":true,"showVisualEffectGraphs":true,"m_FxEnabled":true},"in2DMode":false,"pivot":{"x":0.14237436652183534,"y":0.20943070948123933,"z":1.825400471687317},"rotation":{"x":-0.013808514922857285,"y":-0.012903054244816304,"z":0.0002107428153976798,"w":-0.9998838901519775},"size":0.4916924238204956,"orthographic":false}